uwisconsin:
  aka: [Wisco, University of Wisconsin, U Wisconsin, UW, UW-Madison]
  city: Madison
  country: USA
  departments: {matsci: {name: Department of Materials Science and Engineering}, pharma: {
      name: Department of Pharmaceutical Sciences}}
  name: University of Wisconsin-Madison
  schools: {pharma: {name: School of Pharmacy}}
  state: WI
  street: 1509 University Ave.
  zip: 53706
kentstateu:
  aka: [kent state, KSU]
  city: Kent
  country: USA
  departments: {physics: {name: Department of Physics, aka: [Physics]}, chemistry: {
      name: Department of Chemistry, aka: [Chemistry]}}
  name: Kent State University
  schools: {cas: {name: College of Arts and Sciences}}
  state: OH
  street: 208 Schwartz Center, 800 E. Summit St.
  zip: 44242
unisa:
  aka: []
  city: Salerno
  country: Italy
  departments: {pharma: {name: Department of Pharmacy}}
  name: University of Salerno
  state: ''
  zip: 84084
riceu:
  aka: [Rice]
  city: Houston
  country: USA
  departments: {chemistry: {name: Department of Chemistry, aka: [Chemistry]}}
  name: Rice University
  notes: ['host: Angel Marti']
  state: TX
  zip: 77251
urome:
  aka: [uroma, University of Rome, University of Roma, La Sapienza, Università di
        Roma]
  city: Rome
  country: Italy
  departments: {physics: {name: Department of Physcis}}
  name: University of Rome, 'La Sapienza'
  street: Piazzale Aldo Moro 5
  zip: 00185
mpi:
  aka: [Max Planck, MPI, University of Roma, La Sapienza, Università di Roma]
  city: Stuttgart
  country: Germany
  departments: {ssp: {name: Institute for Solid State Physics}}
  name: Max Planck Institute
  state: ''
  street: ''
  zip: ''
gsk:
  aka: []
  city: fixme
  country: fixme
  departments: {cryst: {name: Crystallography Department}}
  name: GlaxoSmithKline
  state: fixme
  zip: fixme
uhouston:
  aka: []
  city: Houston
  country: USA
  departments: {chemistry: {name: Department of Chemistry}}
  name: University of Houston
  state: TX
  zip: fixme
bowdoinc:
  aka: []
  city: fixme
  country: USA
  departments: {chemistry: {name: Department of Chemistry}}
  name: Bowdoin College
  state: ME
  zip: fixme
umaine:
  aka: [University of Maine]
  city: fixme
  country: USA
  departments: {chemistry: {name: Department of Chemistry}, physics: {name: Department
        of Physics}}
  name: University of Maine
  state: ME
  zip: fixme
batesc:
  aka: Bates College
  city: Lewiston
  country: USA
  departments: {chemistry: Department of Chemistry}
  name: Bates College
  state: Maine
  web: www.bates.edu
  zip: 04240
barnardu:
  aka: []
  city: New York
  country: USA
  departments: {chemistry: {name: Department of Chemistry}, physics: {name: Department
        of Physics}}
  name: Barnard College
  state: NY
  zip: fixme
columbiau:
  aka: [Columbia University, Columbia University in the City of New York]
  city: New York
  country: USA
  departments: {chemistry: {name: Department of Chemistry}, apam: {name: Department
        of Applied Physics and Applied Mathematics, aka: [APAM]}, cheme: {name: Department
        of Chemical Engineering}, cs: {name: Computer Science Department}, eaee: {
      name: Department of Earth and Environmental Engineering}, physics: {name: Department
        of Physics}}
  name: Columbia University
  schools: {seas: {name: Fu Foundation School of Engineering and Applied Science,
      aka: [SEAS, Columbia Engineering, School of Engineering and Applied Science]}}
  state: NY
  zip: 10027
upenn:
  aka: [Penn, U Penn]
  city: Philadelphia
  country: USA
  departments: {chemistry: {name: Department of Chemistry}, cheme: {name: Department
        of Chemical Engineering}, cs: {name: Computer Science Department}, mse: {
      name: Department of Materials Science and Engineering}}
  name: University of Pennsylvania
  schools: {seas: {name: School of Engineering and Applied Science, aka: [SEAS, Columbia
            Engineering]}}
  state: PA
  zip: 19104
uhamburg:
  aka: University of Hamburg
  city: Hamburg
  country: Germany
  departments: {chyn: {name: Center for Hybrid Nanostructures}}
  name: Universitat de Hamburg
  state:
  zip: fixme
northwesternu:
  aka:
    - Northwestern
    - northwestern
  city: Evanston
  country: USA
  departments: {chemistry: {name: Department of Chemistry}, materials: {name: Materials
        Science Department}, physics: {name: Department of Physics}}
  name: Northwestern University
  state: IL
  zip: 60208
anl:
  aka: []
  city: Argonne
  country: USA
  departments: {matsci: {name: Materials Science Division}}
  name: Argonne National Laboratory
  state: IL
  zip: 60439
bnl:
  aka: [Brookhaven National Laboratory]
  city: Upton
  country: USA
  departments: {cmpms: {name: Condensed Matter and Materials Science Department},
    psd: {name: Photon Sciences Division}, chemistry: {name: Department of Chemistry},
    csi: {name: Computational Science Initiative}, cfn: {name: Center for Functional
        Nanomaterials}, setd: {name: Sustainable Energy Technologies Department}}
  name: Brookhaven National Laboratory
  state: NY
  zip: 11973
lanl:
  aka: [LANL]
  city: Los Alamos
  country: USA
  departments: {mst: {name: Materials Science and Technology Division}}
  name: Los Alamos National Laboratory
  state: NM
  zip: 87545
esrf:
  aka: [European Synchrotron Radiation Facility, ESRF]
  city: Grenoble
  country: France
  departments: {db_bl: {name: Dutch-Belgian Beamline, aka: [sas_bl]}}
  name: European Synchrotron Radiation Facility
  state: Rhone-Alps
  street: 71 Avenue des Martyrs
  zip: 38000
ill:
  aka: [ILL]
  city: Grenoble
  country: France
  name: Institut Laue Langevin
  state: ''
  street: 71 Avenue des Martyrs
  zip: 38000
ethzurich:
  aka: [ETH, Eidgenössische Technische Hochschule Zürich]
  city: Zurich
  country: Switzerland
  departments: {mattheory: {name: Materials Theory}}
  name: ETH Zurich
  state: ''
  street: Wolfgang-Pauli-Strasse 27
  zip: CH-8093
oxfordu:
  aka: [Oxford, University of Oxford]
  city: Oxford
  country: UK
  departments: {matsci: {name: Department of Materials}, physics: {name: Department
        of Physics}, chemistry: {name: Department of Chemistry}, earthsci: {name: Department
        of Earth Sciences}, eng: {name: Department of Engineering Science}, cs: {
      name: Department of Computer Science}}
  name: Oxford University
  state: ''
uconn:
  aka: [UConn]
  city: Storrs
  country: USA
  departments: {matsci: {name: Department of Materials Science and Engineering}, instmatsci: {
      name: Institute of Materials Science}}
  name: University of Connecticut
  state: CT
  street: 97 North Eagleville Road
  zip: 06269
sunysb:
  aka: []
  city: Stony Brook
  country: USA
  departments: {physics: {name: Department of Physics and Astronomy}, chemistry: {
      Department of Chemistry: !!null ''}, earthsci: {Department of Earth Science: !!null ''}}
  name: Stony Brook University
  state: NY
  street:
  zip: 11794
ucopenhagen:
  aka:
  city: Copenhagen
  country: Denmark
  departments: {chemistry: {name: Department of Chemistry}}
  name: University of Copenhagen
  state: ''
  zip: ''
ccny:
  aka: [City College, CUNY City College]
  city: New York
  country: USA
  departments: {cheme: Department of Chemical Engineering, chemistry: Department of
      Chemisty and Biochemistry}
  name: The City College of New York
  schools: {grove: The Grove School of Engineering, aka: [Grove School, Grove]}
  state: NY
  street: 160 Convent Avenue
  zip: 10031
uwashington:
  aka: [University of Washington, UW]
  city: Seattle
  country: USA
  departments: {chemistry: {name: Department of Chemistry}}
  name: University of Washington
  state: WS
  zip: 98195
msu:
  aka: [MSU, Spartans]
  city: East Lansing
  country: USA
  departments: {chemistry: {name: Department of Chemistry}, physics: {name: Department
        of Physics and Astronomy}}
  name: Michigan State University
  state: MI
  street: 220 Trowbridge Rd
  zip: 48824
sunybuffalo:
  aka: [SUNY Buffalo, SUNY-Buffalo]
  city: Buffalo
  country: USA
  departments: {cheme: {name: Department of Chemical and Biological Engineering}}
  name: The State University of New York at Buffalo
  state: ''
  zip: 14260
nyu:
  aka: [nyu, NYU, new york university, New York University]
  city: New York
  country: USA
  departments: {chemistry: {name: Department of Chemistry}}
  name: New York University
  state: NY
  zip: 10003
puneu:
  aka: [University of Pune, University of Poona, Pune University]
  city: Pune
  country: India
  departments: {physics: {name: Department of Physics}}
  name: Savitribai Phule Pune University
  state: Maharashtra
  zip: 411007
qmul:
  aka: [QMUL, Queen Mary University of London, Queen Mary College, QMC]
  city: London
  country: UK
  departments: {cmmaterials: {name: Centre for Condensed Matter and Materials Physics}}
  name: Queen Mary University of London
  schools: {physastro: {name: The School of Physics and Astronomy}}
  state: ''
  zip: E1 4NS
natautoumexico:
  aka: [Universidad Nacional Autónoma de México, UNAM, unam, Autonomous National University of Mexico]
  city: Mexico City
  country: Mexico
  schools: {sciences: {name: Faculty of Sciences, aka: [Facultad de Ciencias]}}
  departments: {physics: {name: Department of Physics, aka: [Departamiento de física, Departamiento de fisica]}}
  name: National Autonomous University of Mexico
  street: República de Brasil 33
  state: ''
  zip: 06000
utoronto:
  aka: [UofT, uoft]
  city: Toronto
  country: Canada
  departments: {physics: {name: Department of Physics}, chemistry: {name: Department
        of Chemistry}, matsci: {name: Department of Materials Science and Engineering}}
  name: University of Toronto
  state: Ontario
  street: 27 King's College Cir
  zip: M5S 3H7
vanderbiltu:
  aka: [Vanderbilt, vanderbilt, VanderbiltU]
  city: Nashville
  country: USA
  departments: {physics: {name: Department of Physics and Astronomy}, chemistry: {name: Department of Chemistry}}
  schools: {vinse: {name: Vanderbilt Institute of Nanoscale Science and Engineering}}
  name: Vanderbilt University
  state: Tennessee
  street: 2201 West End Ave
  zip: 37235
uwmilwaukee:
  aka:
    - UW Milwaukee
  city: Milwaukee
  country: USA
  name: University of Wisconsin - Milwaukee
  state: WI
  zip: '53211'
asu:
  aka: [Arizona State University, arizona state university, ASU]
  city: Tempe
  country: USA
  departments: {physics: {name: Department of Physics}}
  schools: {sms: {name: School of Molecular Sciences}, semte: {name: School for Engineering of Matter, Transport and Energy}}
  name: Arizona State University 
  state: Arizona 
  street: '' 
  zip: 85287
ohiou:
  aka:
    - Ohio
    - ohio
  city: Athens
  country: USA
  name: Ohio University - Main Campus
  state: OH
  zip: 45701-2979
uiuc:
  aka:
    - UI Urbana-Champaign
    - UIUC
  city: Champaign
  country: USA
  name: University of Illinois at Urbana-Champaign
  state: IL
  zip: 61820-5711
northwesternu:
  country: USA
  aka:
  - Northwestern
  - northwestern
  city: Evanston
  name: Northwestern University
  state: IL
  zip: '60208'
ghentu:
  aka: [University of Ghent, Universiteit Gent, UGent, State University of Ghent, Rijksuniversiteit Gent, RUG]
  city: Ghent
  country: Belgium
  departments: {chemistry: {name: Department of Chemistry}, matsci: {name: Sol-gel Centre for Research on Inorganic Powders and Thin films Synthesis (SCRiPTS)}}
  name: Ghent University
  state: East Flanders
  street: St. Pietersnieuwstraat 33
  zip: 9000
lehighu:
  aka:
    - Lehigh
    - lehigh
  city: Bethlehem
  country: USA
  name: Lehigh University
  state: PA
  zip: '18015'
rutgers:
  aka:
    - Rutgers
    - rutgers
  city: New Brunswick
  country: USA
  name: Rutgers, The State University of New Jersey
  state: NJ
  zip: 08901-1281
drexelu:
  aka:
    - Drexel
    - drexel
  city: Philadelphia
  country: USA
  name: Drexel University
  state: PA
  zip: '19104'
ucdavis:
  aka:
    - UC Davis
  city: Davis
  country: USA
  name: University of California - Davis
  state: CA
  zip: 95616-8678
ubayreuth:
  aka:
    - UC Davis
  city: Davis
  country: USA
  name: University of California - Davis
  state: CA
  zip: 95616-8678
caltech:
  aka:
    - California Institute of Technology
    - california institute of technology
    - CalTech
  city: Pasadena
  country: USA
  name: California Institute of Technology
  state: CA
  zip: '91125'
cornellu:
  aka: [Cornell, cornell, Cornell University, cornell university]
  city: Ithaca 
  country: USA
  departments: {physics: {name: Department of Physics}, chemistry: {name: Department of Chemistry and Chemical Biology}, matsci: {name: Department of Materials Science and Engineering}}
  name: Cornell University
  state: New York 
  street: '' 
  zip: 14850
umontreal:
  aka: [UdeM, udem, Montreal, montreal, University Montreal, university montreal,
    University of Montreal, university of montreal]
  city: Montreal
  country: Canada
  departments: {physics: {name: Département de physique}, chemistry: {name: Département
        de chimie}}
  name: Université de Montréal
  state: Québec
  street: 2900, boul. Édouard-Montpetit
  zip: H3T 1J4
uduisburgessen:
  aka: [The University of Duisburg-Essen, Die Universität Duisburg-Essen, Uni DuE, UDE]
  city: Essen
  country: Germany
  departments: {chemistry: {name: Institute of Inorganic Chemistry}, matsci: {name: Center for Nanointegration Duisburg-Essen (CENIDE)}}
  name: University of Duisburg-Essen
  state: North Rhine-Westphalia
  street: Universitaetsstrasse 7
  zip: 45117
utsinghua:
  aka: [Tsinghua, THU]
  city: Beijing
  country: China
  departments: {chemistry: {name: Department of Chemistry}, matsci: {name: Department of Materials Science and Engineering}, physics: {name: Department of Physics}}
  name: Tsinghua University
  state: Haidian
  street: 30 Shuangqing Rd
  zip: 100084
ubelgrade:
  aka: [University of Belgrade, Универзитет у Београду, Univerzitet u Beogradu]
  city: Belgrade
  country: Serbia
  departments: {physics: {name: Institute of Physics, aka: [IPB, Institue of Physics Belgrade]}}
  name: University of Belgrade
  street: Studentski trg 1
  zip: 11000
